{
    "Total-population":263228.1098484849,"Median_age":37.9537878788,
    "BachelorsDeg_or_higher":24.5549242424,"Unemployment_rate":11.0859848485,
    "Per capita income":23229.2689393939,"Total households":97504.2196969697,
    "Average household size":2.5249621212,"% Owner occupied housing":56.3681818182,
    "% Renter occupied housing":27.0996212121,"% Vacant housing":16.5299242424,
    "Median home value":160280.7272727273,"Population growth":0.2506818182,
    "House hold growth":0.3322727273,"Per_capita_income_growth":2.3550378788
    }