{
    "Total population":57052.1949420443,"Median_age":40.5110642782,
    "BachelorsDeg_or_higher":17.6930453109,"Unemployment_rate":9.4903055848,
    "Per capita income":20531.062170706,"Total households":21512.2286617492,
    "Average household size":2.4851527924,"% Owner occupied housing":61.4440463646,
    "% Renter occupied housing":20.4304531085,"% Vacant housing":18.1267650158,
    "Median home value":107379.3129610116,"Population growth":0.2571654373,
    "House hold growth":0.3433719705,"Per_capita_income_growth":1.9404214963
    }